,l_measure,l_precision,l_recall,track_id
0,0.39549080288999267,0.3735003088291484,0.42023275257866205,SALAMI_1006
1,0.30643043378220425,0.6637480964258153,0.1991963938691293,SALAMI_1007
2,0.32606204673446487,0.3586021430472715,0.2989361336087211,SALAMI_1008
3,0.21220310636753062,0.3647916517547161,0.14961902698812038,SALAMI_1019
4,0.27581162663034986,0.3527914848055078,0.22640875171130456,SALAMI_1022
5,0.2004956060645112,0.33547150917811863,0.14297148159959402,SALAMI_1023
6,0.1870971539825161,0.25231836036328226,0.1486682356015082,SALAMI_1026
7,0.5921729126881273,0.5330080808437372,0.6661125770728868,SALAMI_1032
8,0.05507732759146426,0.05397738543474702,0.0562230311418163,SALAMI_1035
9,0.6519269230171477,0.6134126627715724,0.6956015672044641,SALAMI_1036
10,0.45074067352214897,0.47103560775595754,0.43212234727565,SALAMI_1038
11,0.08783636390814732,0.3228988247706861,0.050831947320293065,SALAMI_1043
12,0.48770099565120706,0.5817138115626038,0.41984789935491534,SALAMI_1054
13,0.3984396578593033,0.42681477053716566,0.37360217661469936,SALAMI_1059
14,0.13776850460426174,0.38211831012075187,0.08403279728561172,SALAMI_1063
15,0.4598346943500811,0.45847983924727825,0.46119758065841104,SALAMI_1064
16,0.3401512792256244,0.42404881257388055,0.28396846873512743,SALAMI_1066
17,0.34699645150839853,0.296330480544925,0.41856117270685805,SALAMI_107
18,0.6112940534274598,0.5794723596964845,0.6468137986895978,SALAMI_1071
19,0.14664920506407855,0.230321252796693,0.1075705391645612,SALAMI_1078
20,0.1169596402630463,0.6742557487349933,0.06403360878053925,SALAMI_1082
21,0.4761207603031475,0.4930122927289143,0.4603483560486753,SALAMI_1086
22,0.6237916951744674,0.6467302451271808,0.6024245998805315,SALAMI_1090
23,0.024282994718591897,0.30576034633669297,0.012643563076940454,SALAMI_1091
24,0.3051435015806187,0.3680220572227748,0.2606158725401058,SALAMI_1092
25,0.1053914454510617,0.38542626271901226,0.06104133233990659,SALAMI_1094
26,0.12310660744206767,0.1846404023772884,0.0923348335510191,SALAMI_1099
27,0.4216700843351899,0.4114197044550548,0.43244428436432764,SALAMI_11
28,0.19458036817570612,0.17309045747038732,0.22216281973232194,SALAMI_110
29,0.34886934330757996,0.3505160083038057,0.34723807747665697,SALAMI_1100
30,0.2987696803808156,0.3593842838073163,0.2556509811589682,SALAMI_111
31,0.32174354719653603,0.5904996440074268,0.22110931711704787,SALAMI_1114
32,0.19953466374708995,0.363257440666761,0.13754302127134876,SALAMI_1118
33,0.063167586875002,0.19002630547046,0.03787967952958231,SALAMI_1119
34,0.14582036088054204,0.3659940733643158,0.09104797149660362,SALAMI_1120
35,0.31882872083206104,0.5848133115599001,0.2191534317948347,SALAMI_1127
36,0.24179082016412412,0.26888903215512455,0.2196543969503906,SALAMI_1128
37,0.09101620907060455,0.201288946851191,0.05880234243778131,SALAMI_1134
38,0.33400687759046244,0.4116227046860676,0.2810179603737515,SALAMI_1139
39,0.2742190078377849,0.45804203217986966,0.19568572916707838,SALAMI_114
40,0.32732662929464923,0.3449127444453207,0.31144684473181655,SALAMI_1142
41,0.10861573261763763,0.3339164605082664,0.06485598394254484,SALAMI_1143
42,0.1510933705388737,0.46314687588266107,0.09027139850079466,SALAMI_1146
43,0.0,0.0,0.0,SALAMI_1147
44,0.19337780885108347,0.19648445457061792,0.19036787333167993,SALAMI_1155
45,0.6205283299522328,0.5591827064478149,0.6969924958556858,SALAMI_1156
46,0.2529506809288019,0.14490309243670993,0.9945145765916851,SALAMI_1162
47,0.2691368940446719,0.3400556450378178,0.2226939706991875,SALAMI_1166
48,0.06405648545031342,0.31276650313268584,0.035682209699848574,SALAMI_1174
49,0.11442105153043511,0.2939021847536225,0.0710388299493247,SALAMI_1176
50,0.4951902964392797,0.5844945268235449,0.4295585512865842,SALAMI_118
51,0.5385633395016138,0.7154628470139222,0.4317999949490517,SALAMI_1183
52,0.3553012406545016,0.4975843143781219,0.27629525666755084,SALAMI_1184
53,0.07995948085601202,0.17266669180654112,0.05202598633300695,SALAMI_12
54,0.24989669327828865,0.24950930535408009,0.250285285989337,SALAMI_120
55,0.3928846699910716,0.38517803527524774,0.40090598930845794,SALAMI_1202
56,0.3937010903768302,0.4523354428556151,0.3485234522557165,SALAMI_1203
57,0.2691404650105155,0.34206616835152287,0.22184494177925668,SALAMI_1204
58,0.032168714458100094,0.04327691144878036,0.02559823170296698,SALAMI_1211
59,0.0586716993379003,0.15045929117752688,0.03644093242651285,SALAMI_1212
60,0.4703039768653917,0.6595336620659521,0.3654508705461517,SALAMI_1218
61,0.16894345516575326,0.2878227460888972,0.11956116462262502,SALAMI_1222
62,0.08479846000296132,0.21665277034472308,0.052715776231631165,SALAMI_1230
63,0.2404975957143826,0.32254408323276934,0.19172734645141032,SALAMI_1231
64,0.09229858386181222,0.1974416388999155,0.06022638960565004,SALAMI_1232
65,0.06400874875942687,0.27725703925971745,0.036180801901665186,SALAMI_1239
66,0.2949758077981766,0.5254756374602578,0.20503654864373713,SALAMI_1240
67,0.2668389021453357,0.34316203979194787,0.21828895722888567,SALAMI_1246
68,0.37459409917091824,0.4892389699368439,0.30347894556927413,SALAMI_1259
69,0.3403390850248652,0.3485813738723513,0.33247757431819835,SALAMI_1260
70,0.5445085563253115,0.5297853084751012,0.5600735436233689,SALAMI_1268
71,0.259416864243971,0.3058991673874326,0.22519743350560775,SALAMI_1274
72,0.5764406786693446,0.5556904753794292,0.5988006726556716,SALAMI_1279
73,0.21462703491553214,0.17958400793765708,0.2666619728603567,SALAMI_1283
74,0.051322039107671975,0.17607935525793944,0.030038730033479257,SALAMI_1286
75,0.1262811117969931,0.21878035585984584,0.08875566077630549,SALAMI_1287
76,0.010429538351867478,0.20740840008483127,0.0053492631134332905,SALAMI_1288
77,0.010176052145276568,0.017521907940101885,0.007170079737921167,SALAMI_1290
78,0.02493354948066035,0.012624911569048389,0.9952895218885021,SALAMI_1295
79,0.10977117093356448,0.36552504656040957,0.06458308970988774,SALAMI_1296
80,0.7810740304370127,0.7481389256946984,0.8170424554514216,SALAMI_131
81,0.08178751661510618,0.22340298940775286,0.05005657959848525,SALAMI_1310
82,0.17374167291106082,0.22925306401657689,0.139872832250602,SALAMI_1311
83,0.42306605032305117,0.5195218854394464,0.3568182172740222,SALAMI_1314
84,0.128590874336612,0.315284061141663,0.08076591768340062,SALAMI_1315
85,0.42445647237934037,0.37235854141213187,0.493504314278732,SALAMI_1316
86,0.3651939874705405,0.634242173987915,0.2564196837117412,SALAMI_1318
87,0.5778868718148046,0.48659988813856975,0.7113344492618866,SALAMI_1323
88,0.47568841522632493,0.49720561479570696,0.4559563304214644,SALAMI_1330
89,0.217793958845544,0.2892795815584626,0.17463808741767262,SALAMI_1339
90,0.2576256106218259,0.3513548481247377,0.2033728237338066,SALAMI_1342
91,0.2873956811846658,0.3084691846767372,0.2690173826865093,SALAMI_1343
92,0.07365535699221448,0.19056838400682372,0.04564953149142929,SALAMI_1346
93,0.31262921050918013,0.4461500284416429,0.24061850278104607,SALAMI_135
94,0.1797572310450047,0.30994854167599895,0.1265858824782215,SALAMI_1350
95,0.05868100765031929,0.2612158373706885,0.033053124531946365,SALAMI_1358
96,0.10900178380398648,0.22358622823294638,0.07206804043519809,SALAMI_1363
97,0.3691867566203047,0.4008758993185637,0.3421406232612589,SALAMI_1370
98,0.3651889271302048,0.40057879347513087,0.335544623507281,SALAMI_1371
99,0.4447156659766542,0.405147503571295,0.492849079750669,SALAMI_1372
100,0.2913895189160679,0.30728388937954565,0.2770585643367712,SALAMI_1374
101,0.5767602124719129,0.5859140548053267,0.5678879945711659,SALAMI_1379
102,0.2697668843853815,0.3038370071210703,0.24256713022532433,SALAMI_1380
103,0.17189541806962588,0.1143413378239194,0.34611201361172483,SALAMI_1390
104,0.30850815330184833,0.3539296949504888,0.27341895199254757,SALAMI_1394
105,0.3368669020035357,0.3224391177613455,0.3526463310424343,SALAMI_1399
106,0.6543832698298957,0.6447995386447692,0.6642561874689806,SALAMI_14
107,0.5781364701695824,0.6738439433538909,0.5062348668114401,SALAMI_140
108,0.36672627357623333,0.41803112126484954,0.32663807055357524,SALAMI_1400
109,0.2670173137271501,0.32008409305658186,0.22904407042721717,SALAMI_1408
110,0.12174121611640344,0.14489938000727623,0.10496539653875646,SALAMI_1414
111,0.3874631869697715,0.3723670414390355,0.40383507934972,SALAMI_1415
112,0.3528018713359848,0.475105380391714,0.2805751140379335,SALAMI_1422
113,0.19263772657305853,0.3444842852839942,0.13370248970046167,SALAMI_1427
114,0.4134185893412145,0.39158231220215933,0.43783405843407797,SALAMI_1428
115,0.19376363495479504,0.32647060446070597,0.13776398198139028,SALAMI_1435
116,0.20468770453096244,0.2773528263614405,0.16219372082591002,SALAMI_1436
117,0.037687551542625264,0.15815820452118715,0.021392599238528903,SALAMI_1438
118,0.8214650329580032,0.8075644332049674,0.8358525559280227,SALAMI_1442
119,0.20771749360642636,0.260323841944211,0.1727983353920522,SALAMI_1446
120,0.7112335084172716,0.671778690169571,0.755612014515718,SALAMI_1454
121,0.17531755964522686,0.24729138349751106,0.13579469631520233,SALAMI_1455
122,0.14248564681774153,0.2935056523111949,0.09407858012236986,SALAMI_1456
123,0.6697418201048125,0.6505870592726655,0.6900587161759802,SALAMI_1458
124,0.0,0.0,0.0,SALAMI_146
125,0.5867633147657886,0.502809906037093,0.7043710890466933,SALAMI_1460
126,0.2202783428734163,0.34466208740992993,0.16186391242598394,SALAMI_1464
127,0.16703864794768317,0.3064362464306821,0.11481114964669084,SALAMI_1475
128,0.2033973119001049,0.5942380778663041,0.12269721192717326,SALAMI_1482
129,0.2742188525920093,0.3135930638958206,0.24362918662555452,SALAMI_1483
130,0.33674514782294146,0.43660569226659995,0.27406169917466944,SALAMI_1484
131,0.2964484569491256,0.34903400116598404,0.2576333553931054,SALAMI_1491
132,0.12706763555672151,0.21700830387034878,0.08983490601966337,SALAMI_1496
133,0.1142553875062395,0.2493090588754499,0.07410943072575941,SALAMI_152
134,0.303789877175027,0.27874026301223237,0.33378632853935575,SALAMI_154
135,0.4621165104633388,0.5404738508469784,0.40360261972802,SALAMI_155
136,0.11354704668715015,0.2527673098744169,0.07321911077721677,SALAMI_158
137,0.2675188353823388,0.2923756795496807,0.24655732133260275,SALAMI_159
138,0.04672153195625938,0.3896319753842639,0.02485071488230311,SALAMI_16
139,0.22460612867524496,0.29413391294169816,0.18166411256702333,SALAMI_162
140,0.11755237636874075,0.24419917269506522,0.07740732124805624,SALAMI_170
141,0.38308362242606564,0.33830518057030723,0.44152425304057624,SALAMI_183
142,0.27335916419883904,0.24330308855776522,0.3118877400694459,SALAMI_198
143,0.3809315698141023,0.3170603271210182,0.477028021997369,SALAMI_2
144,0.3212184249108996,0.304122594091746,0.3403507726601455,SALAMI_216
145,0.2916482575118749,0.3230110262701931,0.26583682058444785,SALAMI_218
146,0.2725566954559156,0.30383385795545315,0.2471179616221633,SALAMI_22
147,0.366968757040976,0.41403859913597024,0.3295086719434164,SALAMI_227
148,0.3281437825920554,0.8967673194111082,0.20081237646966713,SALAMI_23
149,0.23228616000168256,0.27316231638016275,0.20205112122640836,SALAMI_236
150,0.36203501178757264,0.3638106587281477,0.36027661342556133,SALAMI_24
151,0.40113448842816585,0.4045338489771492,0.3977917825073036,SALAMI_250
152,0.2958057307221632,0.3888946078882043,0.2386746791694168,SALAMI_254
153,0.33229895260138353,0.33517208236861384,0.3294746617134687,SALAMI_26
154,0.10473392298241471,0.6543919839287258,0.056922085536912956,SALAMI_266
155,0.34055537629066873,0.35958575931600917,0.32343804153554534,SALAMI_27
156,0.18793635104111886,0.31158210975522543,0.13454470404901633,SALAMI_274
157,0.3947088767921651,0.43129511403378434,0.36384440106914995,SALAMI_275
158,0.3023567686446577,0.3833026850924727,0.24963814838185044,SALAMI_28
159,0.11950450760913782,0.27426681448594226,0.07639602765089895,SALAMI_280
160,0.10074417014375642,0.23565740142175756,0.06406635402137874,SALAMI_282
161,0.30773348919919435,0.30533449587385153,0.3101704785265021,SALAMI_283
162,0.27932838767341867,0.24400452174159598,0.32661096151256963,SALAMI_284
163,0.2972566118101576,0.34631480212856625,0.2603727787862219,SALAMI_291
164,0.32657358362997174,0.4071788244926371,0.27260801927988676,SALAMI_294
165,0.2151670390344859,0.37028323313374323,0.15164224159340592,SALAMI_298
166,0.3526994129476908,0.3488600326349396,0.3566242422971112,SALAMI_3
167,0.0,0.0,0.0,SALAMI_302
168,0.16246024244002755,0.2660402102985512,0.1169334349639625,SALAMI_303
169,0.6630438725415919,0.713324126029628,0.6193851208642659,SALAMI_307
170,0.29489321245889594,0.3116498497669621,0.2798465589966113,SALAMI_308
171,0.19927310840239956,0.2412668031774458,0.16973064077414388,SALAMI_31
172,0.2488604056460522,0.28800280599952693,0.21908465640455174,SALAMI_310
173,0.48134278952914544,0.501283217299282,0.46292808171978717,SALAMI_311
174,0.08449759548869998,0.3018494588516585,0.04912459267965319,SALAMI_312
175,0.49297975614460654,0.5495590768046541,0.4469631041415596,SALAMI_315
176,0.2199985771526011,0.3797205647395289,0.1548598337265086,SALAMI_318
177,0.19682341539980752,0.3401133971387696,0.13848120094546468,SALAMI_32
178,0.4717606912748534,0.41290174988987466,0.5501900060595362,SALAMI_320
179,0.10934118374714358,0.3018014788266118,0.06676488592421631,SALAMI_322
180,0.32647873109413283,0.2906317061235071,0.37241277694395825,SALAMI_323
181,0.12928459907580067,0.42924693881734455,0.07610300639507503,SALAMI_326
182,0.8953302082470653,0.8933865561309349,0.8972823360233452,SALAMI_327
183,0.16170999853406848,0.26554056036073265,0.11625316936629476,SALAMI_330
184,0.4157192827542946,0.4432118293375486,0.391438264069645,SALAMI_331
185,0.0862395765125613,0.27322551110644916,0.0512000572571397,SALAMI_332
186,0.31474696165416216,0.40401645550303567,0.25778750032295505,SALAMI_334
187,0.3124103335377045,0.2857188955164764,0.3446026004712815,SALAMI_335
188,0.4524605990670542,0.4389593301101757,0.4668187527798678,SALAMI_336
189,0.11724758589935755,0.19705469196864722,0.08345025239018193,SALAMI_338
190,0.09275974607572955,0.20547615810114045,0.05990056977916785,SALAMI_340
191,0.14780145889748375,0.25784779681474185,0.10359034555003989,SALAMI_343
192,0.4381326138829359,0.6073120258227136,0.34267371457820833,SALAMI_344
193,0.4095061061578308,0.6913773509403331,0.2909053741392919,SALAMI_350
194,0.4721181414068727,0.43384435168820956,0.5177983618373401,SALAMI_352
195,0.4680260674120997,0.4965501954244615,0.44260102782417304,SALAMI_355
196,0.3207065416362486,0.4237489176881748,0.25797512511838394,SALAMI_358
197,0.4997090429334348,0.5337728857513253,0.46973209808864885,SALAMI_36
198,0.4738123251985817,0.4684341877193232,0.47931539080578844,SALAMI_360
199,0.4484385711823006,0.6604871216595427,0.33945649510921455,SALAMI_362
200,0.545782929121036,0.5687963479313629,0.5245593335785993,SALAMI_364
201,0.09865008617952119,0.05290178054015819,0.7295426742542422,SALAMI_366
202,0.4037100235587706,0.47116280399431415,0.3531519551219593,SALAMI_367
203,0.4575300103641016,0.4245043205068356,0.4961278878462122,SALAMI_370
204,0.11203593836807539,0.3224663400516688,0.06779515836813944,SALAMI_371
205,0.13774385889654917,0.4602987649060636,0.08099001190008347,SALAMI_374
206,0.4010096641437629,0.4991809451124128,0.3351061139585176,SALAMI_378
207,0.19664452231894552,0.3056071965347713,0.14495983770119567,SALAMI_379
208,0.45608727001764365,0.47645162038354194,0.437392377922982,SALAMI_383
209,0.4274892609586026,0.36086582372102066,0.5242829428193185,SALAMI_384
210,0.08650791691640805,0.14864658421632984,0.06100572153314374,SALAMI_386
211,0.07399545195347124,0.38538494230593645,0.04092677866090807,SALAMI_388
212,0.009766819512253487,0.004907399037920668,0.9989811510346605,SALAMI_39
213,0.42864206760219925,0.41470156158258026,0.443552416900677,SALAMI_392
214,0.22035133389546097,0.23017980739150445,0.21132782338573786,SALAMI_394
215,0.7855075968000838,0.7480075447462483,0.8269660980427139,SALAMI_395
216,0.34873804439200545,0.4560515555134948,0.2823081107277019,SALAMI_396
217,0.29485230159001363,0.33334202023147286,0.26433101751839067,SALAMI_398
218,0.6420381497981922,0.6058258752569387,0.6828546993279765,SALAMI_4
219,0.39611939919794503,0.4625941113221347,0.34634908225323136,SALAMI_40
220,0.47677329489358483,0.48059542985974973,0.4730114744856042,SALAMI_402
221,0.19436954874467602,0.4649207983205152,0.12286863386588945,SALAMI_407
222,0.45249261097204807,0.3909342578858562,0.537060727550133,SALAMI_408
223,0.1466949718988417,0.42901243535887706,0.08847367059042403,SALAMI_410
224,0.40641402235859114,0.43122700332792135,0.384301173157457,SALAMI_411
225,0.16030436639256845,0.3762367585667569,0.1018499445980468,SALAMI_414
226,0.4313234798033493,0.3915265678222139,0.4801261391073652,SALAMI_416
227,0.3346058548636222,0.31182420650748327,0.36097869411664635,SALAMI_420
228,0.306636792386286,0.3000200790833325,0.3135519405406396,SALAMI_422
229,0.4006179139240233,0.4461190567543198,0.3635393460839829,SALAMI_424
230,0.05534811549558837,0.1607677858417976,0.03342829938784599,SALAMI_426
231,0.10348438307576349,0.08225149379887225,0.13949426014438032,SALAMI_427
232,0.1768672609742836,0.2931071762428156,0.1266432924747831,SALAMI_428
233,0.32621618935989666,0.3429568325534555,0.3110337952697101,SALAMI_43
234,0.4226659273929492,0.5546201346120126,0.34143284894888315,SALAMI_431
235,0.27579058435890713,0.30911152305185613,0.24895434019358553,SALAMI_434
236,0.4676576200901544,0.5303080979152576,0.4182461189231185,SALAMI_436
237,0.32137390246350206,0.3260267751351889,0.31685196753922434,SALAMI_438
238,0.3253245157244577,0.44148118238785583,0.257559009142131,SALAMI_439
239,0.4449389830245965,0.4897835223779797,0.40761755311408293,SALAMI_443
240,0.0643050041431762,0.34210859656330966,0.0354877595736505,SALAMI_444
241,0.31746451606491294,0.37272281795118767,0.27647544142172004,SALAMI_446
242,0.32206193844146913,0.5231188123931921,0.23264611327244633,SALAMI_447
243,0.21246546603840094,0.3823600446891881,0.1471029877450945,SALAMI_448
244,0.23454702254803747,0.21968832088708173,0.25156147703305676,SALAMI_450
245,0.2388315225266196,0.37178379501979636,0.17592103186289612,SALAMI_451
246,0.21883390439926906,0.3484926458776672,0.15949343318552722,SALAMI_452
247,0.114606952994845,0.18730183164165018,0.08256293778097136,SALAMI_455
248,0.60873361843905,0.635417580367591,0.5842004861906046,SALAMI_46
249,0.1957585780429109,0.17440229798971807,0.2230750353533724,SALAMI_460
250,0.29545832530076194,0.26955456979387926,0.3268700004205869,SALAMI_462
251,0.21352107208699356,0.6880583721796765,0.12636806139066603,SALAMI_463
252,0.1974824907934756,0.3382308183220498,0.1394521349081547,SALAMI_464
253,0.26922610644241746,0.28048516915957017,0.258836068572497,SALAMI_466
254,0.1942345171639635,0.3362295804709725,0.13656215978978423,SALAMI_467
255,0.22819868534814883,0.31518151192345534,0.1788423283264233,SALAMI_471
256,0.18318186227690333,0.2703185994492314,0.13852769669968307,SALAMI_472
257,0.01257683569045872,0.10443081243236907,0.006691344624859625,SALAMI_474
258,0.09543569030788063,0.41986563544390776,0.05383636259659732,SALAMI_478
259,0.09123523667248315,0.28537947368425487,0.05429692680943674,SALAMI_48
260,0.19104791522486594,0.3461707761953556,0.13192907350231645,SALAMI_480
261,0.5719505149763617,0.6108864569547257,0.537680486577559,SALAMI_482
262,0.2291932221850154,0.21348168687245342,0.24740111339285137,SALAMI_483
263,0.7971954172510789,0.8729416357082576,0.7335448308511061,SALAMI_484
264,0.2777973971533134,0.3097719617863076,0.25180605519814175,SALAMI_486
265,0.07107770870741226,0.2664649853043533,0.041008179819709216,SALAMI_487
266,0.23259359133934016,0.2198012995810921,0.24696690346138017,SALAMI_488
267,0.5313387312090293,0.5520232276327918,0.5121483595345339,SALAMI_490
268,0.2915765438166485,0.30574071774595535,0.27866664156820925,SALAMI_491
269,0.23339333073964882,0.2891651618974116,0.19565666086244174,SALAMI_492
270,0.18618465386502117,0.23163373469976062,0.1556453316505559,SALAMI_494
271,0.17016366170382552,0.20371474846913112,0.14610130239918281,SALAMI_495
272,0.18391668659133822,0.5731903822975262,0.10953060826627202,SALAMI_498
273,0.24050945071447283,0.6052452608892539,0.15007221232093754,SALAMI_499
274,0.3373510430077211,0.35297264867710604,0.3230535738966905,SALAMI_50
275,0.15150935204796395,0.22891605376768973,0.11322346237233562,SALAMI_502
276,0.36435834465060823,0.3545821150852363,0.3746889421576453,SALAMI_503
277,0.25701111979913316,0.37750468513969165,0.19482578857175945,SALAMI_504
278,0.16057135885960186,0.23364326360259402,0.1223167948537507,SALAMI_507
279,0.2476291987942017,0.2308683029608718,0.26701426940882156,SALAMI_508
280,0.2671813712600755,0.35163160419125195,0.21543986974129092,SALAMI_51
281,0.15488213677519838,0.22936050712159528,0.11691672155607548,SALAMI_510
282,0.2547919388081303,0.41571540891715736,0.1836867732701171,SALAMI_511
283,0.1323715731683711,0.3543174499913994,0.08138910819752851,SALAMI_512
284,0.24427475808386095,0.2780734599403978,0.21780182868873973,SALAMI_514
285,0.18118825319609688,0.2563666517118488,0.14010351163292706,SALAMI_515
286,0.10345794439051405,0.22318311186308112,0.06733598273208015,SALAMI_516
287,0.11306200563490276,0.2427372110122546,0.07369345035627564,SALAMI_518
288,0.15025633978503267,0.3691608671459023,0.09432413674968122,SALAMI_519
289,0.4947264565072238,0.43443258700437387,0.5744534962732497,SALAMI_52
290,0.22563251715453472,0.2203107256061119,0.2312177777545997,SALAMI_520
291,0.23010640487454392,0.3939847942715298,0.16251014090746685,SALAMI_522
292,0.22467300763714734,0.24836195607874717,0.20510950975604586,SALAMI_524
293,0.19490234464102352,0.3236721000233072,0.13943106818195344,SALAMI_526
294,0.26521566588000534,0.41655601481247984,0.19453757392683216,SALAMI_527
295,0.10845266556669116,0.3138304447547569,0.06555317635604661,SALAMI_528
296,0.3230214506347229,0.3797064883630776,0.28106260858227494,SALAMI_530
297,0.19453385090344624,0.24377920830218755,0.16184072501832425,SALAMI_531
298,0.45140970653252627,0.4601514450031902,0.4429939185946609,SALAMI_532
299,0.7742718442057093,0.7278216255902086,0.8270552396682033,SALAMI_534
300,0.11720133491399931,0.15084743609715745,0.09582731807065506,SALAMI_535
301,0.0787021667383198,0.3119015064097933,0.045032629356324676,SALAMI_536
302,0.3177397343562761,0.2452732606265689,0.4509837956925695,SALAMI_538
303,0.6627922556153518,0.6783345310487334,0.6479462488088806,SALAMI_539
304,0.24476484928599304,0.3171104768481556,0.19929716646827275,SALAMI_54
305,0.593324966691742,0.5468587278500124,0.6484208768395927,SALAMI_543
306,0.29181648422262924,0.274880428123827,0.3109765081787642,SALAMI_550
307,0.24818288263432647,0.2992007517978366,0.21202900309444228,SALAMI_551
308,0.21179242991886024,0.29537327805751484,0.16508020356141087,SALAMI_555
309,0.2488354628120321,0.33611603741895896,0.19753958192886878,SALAMI_556
310,0.12576941275984663,0.23774850571501333,0.08549937168815681,SALAMI_559
311,0.2358743149545816,0.2303397203165183,0.24168142773666174,SALAMI_562
312,0.17192592889610142,0.11046184611869414,0.38759433505676283,SALAMI_563
313,0.5401797784356517,0.4236913054719809,0.7450109546394744,SALAMI_564
314,0.3936937848614198,0.3787152177840662,0.4099059778120797,SALAMI_566
315,0.28818963827944505,0.23845126320919638,0.36414674148242426,SALAMI_567
316,0.30813821895605786,0.23933458863547333,0.43246185094754547,SALAMI_568
317,0.401359383940531,0.5181793114300566,0.32752185586892435,SALAMI_571
318,0.08310342514091335,0.340837581357717,0.04732059442423079,SALAMI_572
319,0.7463968907039348,0.6421150919413026,0.8911175901114083,SALAMI_574
320,0.11657337255796947,0.26631871408452706,0.07461752645403914,SALAMI_575
321,0.8191748158225679,0.8991674353464806,0.752252213087983,SALAMI_576
322,0.0552300488823584,0.1562249679891349,0.03354450045096045,SALAMI_578
323,0.5745575282581455,0.6766441990074562,0.4992366857286236,SALAMI_579
324,0.22007966017134487,0.2777576793145492,0.1822370604994693,SALAMI_580
325,0.39203843257310744,0.472152126790863,0.33516790770265753,SALAMI_582
326,0.8861170366530244,0.9231518290090076,0.8519391386014027,SALAMI_583
327,0.27290549223676064,0.3273417062793315,0.23399297006610342,SALAMI_584
328,0.11989796027557932,0.36477746882401235,0.07173882378085047,SALAMI_586
329,0.5904177809283028,0.5008653515409938,0.7189655210740347,SALAMI_587
330,0.17206583143058993,0.20134764109473113,0.15021953682652184,SALAMI_59
331,0.25599850763097104,0.3720160191176063,0.19514139856540075,SALAMI_590
332,0.47441163277815923,0.446433820915309,0.506130616662439,SALAMI_591
333,0.5722758645671763,0.5714062088741538,0.5731481714523797,SALAMI_592
334,0.032038645077239684,0.37009420637481394,0.01674408079262538,SALAMI_594
335,0.7001616464129707,0.7066699769850464,0.6937721034326841,SALAMI_595
336,0.3224137365488304,0.6214083512850276,0.2176770347954678,SALAMI_596
337,0.32149771883025247,0.40292140578428326,0.267450449627067,SALAMI_599
338,0.793242842913814,0.7997025439051105,0.7868866638553819,SALAMI_6
339,0.07546091994258741,0.27346810379992714,0.043769324136239116,SALAMI_60
340,0.3068129562989327,0.33979878658785406,0.2796646254699699,SALAMI_600
341,0.2419237930237651,0.3748230307368867,0.17859884220827588,SALAMI_602
342,0.581639782602905,0.7084950417114113,0.49331268766143455,SALAMI_604
343,0.4520630858273785,0.47065509190468335,0.43488411905640506,SALAMI_606
344,0.09005995857796467,0.25448820934212235,0.054710663758872805,SALAMI_607
345,0.11082325775354326,0.4022155866477711,0.06426518589645404,SALAMI_610
346,0.5608430807158413,0.9544088663567399,0.3970947139671922,SALAMI_611
347,0.6603102440032523,0.7144045800753996,0.6138312659585577,SALAMI_612
348,0.30816453949846123,0.3322176102162998,0.28735928142375344,SALAMI_614
349,0.44481362093008026,0.4133297595269183,0.48148928108621586,SALAMI_615
350,0.20056292061820827,0.49008014868026645,0.12608034466078993,SALAMI_616
351,0.08257632774494433,0.3198792824655778,0.04740721204805282,SALAMI_618
352,0.37980095136843706,0.35444330126417994,0.4090664620344872,SALAMI_620
353,0.16618561747738306,0.7712543306928973,0.09312593997869166,SALAMI_622
354,0.40323738466957326,0.5536223134458129,0.3171007347367533,SALAMI_623
355,0.4787141584789919,0.5022255178308217,0.45730569143912303,SALAMI_624
356,0.450215676014661,0.4369679412944348,0.46429179924454284,SALAMI_628
357,0.030235685115392704,0.20259182488098154,0.016336940593418336,SALAMI_630
358,0.12682972206647974,0.2596261710186305,0.08391033909800867,SALAMI_631
359,0.06910702913070574,0.19137733241228733,0.04216680561520721,SALAMI_634
360,0.3255965667419214,0.35029570649844427,0.3041510583928951,SALAMI_635
361,0.22731235523157256,0.36724421148516373,0.1645959893771135,SALAMI_638
362,0.41705068417141916,0.3491824447095935,0.5176659221261997,SALAMI_639
363,0.3854906826587733,0.40892353526860603,0.3645978576596279,SALAMI_640
364,0.1288799650871539,0.2915776040230504,0.08272190045382401,SALAMI_642
365,0.2729468165468806,0.26066584044217894,0.2864422174877053,SALAMI_643
366,0.15593219265474104,0.2668264465064905,0.11015237667029909,SALAMI_646
367,0.31038651021185676,0.3015146530284096,0.319796291793246,SALAMI_651
368,0.5182058802987655,0.5474553849241542,0.4919233472955487,SALAMI_655
369,0.5149272485219943,0.4673238335615763,0.5733287329375328,SALAMI_658
370,0.6219491318636033,0.5803379733835364,0.6699883665490972,SALAMI_659
371,0.4348600694714899,0.45779667708738353,0.4141121514498696,SALAMI_660
372,0.3470114604789421,0.452295781996263,0.28148748294632203,SALAMI_662
373,0.3986725645171358,0.4076853011420304,0.39004969976159304,SALAMI_663
374,0.42684375718746925,0.4206399995758897,0.43323324473579766,SALAMI_667
375,0.5365107081116828,0.46803860710652534,0.6284503848243547,SALAMI_668
376,0.2407993900842761,0.559634379131744,0.15340275033656595,SALAMI_670
377,0.41278967585958565,0.40969487304827157,0.41593159034225446,SALAMI_671
378,0.13885563985984645,0.4573432983643737,0.08185377983148555,SALAMI_672
379,0.3345937837927538,0.45587542999272734,0.2642834877216122,SALAMI_674
380,0.31744219912322746,0.24265373542339164,0.45887118048526154,SALAMI_675
381,0.5559136975589095,0.5450500718912205,0.5672191852898613,SALAMI_676
382,0.1412323525546313,0.1811919093113944,0.1157132714102239,SALAMI_678
383,0.21783054725059733,0.44591239769375823,0.14411598004576012,SALAMI_682
384,0.1931393069245364,0.28148253801434986,0.14700258025594407,SALAMI_683
385,0.2655583386112537,0.3380620643319551,0.21866215434064967,SALAMI_684
386,0.2052278074904775,0.2694946239892363,0.16571054682325095,SALAMI_686
387,0.29991312126423564,0.3716709690035894,0.25137969430116747,SALAMI_687
388,0.2277074659556371,0.3175589655962026,0.1774881931552276,SALAMI_688
389,0.1650256214688453,0.2823797060559172,0.11657730112610609,SALAMI_690
390,0.2534963671487187,0.34850705493114353,0.19919219422930462,SALAMI_691
391,0.35960657408515245,0.4382269823908012,0.30490490354779465,SALAMI_694
392,0.3748987587123021,0.444152238243065,0.3243285320596484,SALAMI_695
393,0.09924300858200906,0.23359215057766025,0.06300567039468573,SALAMI_696
394,0.371624135992509,0.370071625654844,0.3731897272708816,SALAMI_7
395,0.7302597569039772,0.8083360724243628,0.6659375610871144,SALAMI_700
396,0.4648813352943314,0.49636719006812463,0.43715167387974596,SALAMI_702
397,0.14536839378952746,0.3066324218908911,0.09526608431162373,SALAMI_703
398,0.4799440795013649,0.5358011823916171,0.4346336587785256,SALAMI_704
399,0.23373108157857905,0.5155383800058935,0.15112309054063533,SALAMI_706
400,0.24499285534400136,0.2731934070878596,0.2220695899912885,SALAMI_708
401,0.6222022635292868,0.6878597356025029,0.5679868755787213,SALAMI_727
402,0.11366694695787519,0.38736058872223156,0.06660587507238488,SALAMI_728
403,0.3884158116305655,0.3782146952514418,0.39918246570370197,SALAMI_735
404,0.4020861579064027,0.45796502244143555,0.35836058576567065,SALAMI_736
405,0.06334881632803749,0.11452039283989768,0.04378444749140409,SALAMI_739
406,0.39739126370022965,0.5397590402731215,0.3144510988433698,SALAMI_740
407,0.21605960372273517,0.25430092243699265,0.18781614686425888,SALAMI_747
408,0.5145559030234024,0.5377817519785337,0.4932531654799126,SALAMI_751
409,0.38735798153993867,0.30530301605360005,0.5297316583776731,SALAMI_760
410,0.6248617881111836,0.5831964610137662,0.6729385636864753,SALAMI_763
411,0.25729826141020185,0.26149617218821397,0.25323300285164013,SALAMI_767
412,0.12311702732728616,0.21039672851460414,0.08701871290260528,SALAMI_770
413,0.171462649086963,0.28871419959525213,0.12194058606914061,SALAMI_775
414,0.5591632928281663,0.5065296516427368,0.6240036955651919,SALAMI_780
415,0.23081441124240554,0.3728240910843159,0.16714749097712636,SALAMI_782
416,0.4311436799288576,0.4038239061027661,0.4624281913390791,SALAMI_787
417,0.2977632177843487,0.3442432729161736,0.26234160411211377,SALAMI_79
418,0.10639190457867216,0.19995700459579496,0.07247769833501214,SALAMI_790
419,0.37362107613379103,0.333654988156131,0.4244645802294414,SALAMI_791
420,0.5069071127410282,0.476664174432986,0.5412476846000337,SALAMI_798
421,0.6674056627784662,0.7534064603274896,0.5990271507402413,SALAMI_799
422,0.3734298748390807,0.41375358462744555,0.3402679482585205,SALAMI_8
423,0.44445151326253485,0.48669488333582783,0.40895563140227115,SALAMI_800
424,0.07578980790498803,0.09519561054093362,0.06295609134557345,SALAMI_802
425,0.7568226269113624,0.8211782794478661,0.7018209920218579,SALAMI_806
426,0.08546681231603856,0.37175496972926625,0.04828363205216741,SALAMI_807
427,0.4197125883205088,0.5041826931695397,0.35948495250321827,SALAMI_810
428,0.3100034260114914,0.4519081341736757,0.2359212530419874,SALAMI_811
429,0.5377799668453818,0.4859311346434361,0.6020149358955021,SALAMI_814
430,0.365845223530823,0.39450389485682896,0.34106836741158636,SALAMI_815
431,0.36672750151207006,0.31967009544905817,0.43003066246174,SALAMI_818
432,0.18312951756405865,0.5898171739305909,0.10839178218604306,SALAMI_819
433,0.40277533685278943,0.4817903956398464,0.3460260369517699,SALAMI_823
434,0.5397100527135855,0.5721645661819593,0.5107397013562652,SALAMI_824
435,0.1176981411268913,0.5014652654976324,0.06667348626675347,SALAMI_827
436,0.5747116956989634,0.5865053830710095,0.5633829632924219,SALAMI_831
437,0.8465479333255532,0.7837752851952091,0.9202509308075639,SALAMI_834
438,0.3945198013238155,0.3362513738267408,0.4772156959573481,SALAMI_835
439,0.18304745483152254,0.1928638576644008,0.1741819266851176,SALAMI_839
440,0.1524380245780169,0.1977031129058744,0.12403875005562691,SALAMI_843
441,0.4995079418052463,0.4761772406416949,0.5252426433059106,SALAMI_844
442,0.19067277070319633,0.29259174395025633,0.1414138477661997,SALAMI_846
443,0.2201926165842352,0.26206911260193916,0.18985529645188035,SALAMI_847
444,0.12831595779338664,0.2485925099194818,0.08647617621734555,SALAMI_851
445,0.4105315376074722,0.4787676185971205,0.3593197025318581,SALAMI_852
446,0.6759672413571222,0.7594677571455383,0.6090090708996028,SALAMI_854
447,0.3800817791007664,0.4799075144820037,0.31463453571306443,SALAMI_855
448,0.1821011254304475,0.39041362818001885,0.11874337431136173,SALAMI_858
449,0.27400778256696395,0.2697544778952684,0.278397362347433,SALAMI_86
450,0.2455813646248122,0.49040070865457935,0.16380575421556462,SALAMI_860
451,0.2156118545420884,0.2019197448606271,0.23129595511639298,SALAMI_862
452,0.4227089903127837,0.4513336907203709,0.39749864201808904,SALAMI_880
453,0.41612116313368125,0.4555552751893158,0.38297021283337873,SALAMI_883
454,0.5683522396989233,0.5262228556745565,0.6178144431154722,SALAMI_894
455,0.3674943438302999,0.44749177278565966,0.3117612547641567,SALAMI_895
456,0.16908802631275918,0.30134212257585763,0.11751335121806984,SALAMI_899
457,0.07536487291029174,0.27877001479488683,0.043572271290166234,SALAMI_900
458,0.5495038625763936,0.5038057765543702,0.6043190846309927,SALAMI_904
459,0.5848721460987211,0.48120975487384265,0.7454592698954368,SALAMI_906
460,0.4387624404167956,0.42681638580871095,0.4513964604442745,SALAMI_910
461,0.2655599264961275,0.3302942750142346,0.22204194372180888,SALAMI_911
462,0.3270483550400259,0.34675606181379526,0.3094603323364053,SALAMI_919
463,0.041094870169661984,0.10221971934455329,0.02571683976589433,SALAMI_920
464,0.3162494132805198,0.2831888490496928,0.35804950017710313,SALAMI_930
465,0.14742462666504708,0.24712790355094844,0.10504458934062856,SALAMI_935
466,0.5489720822395721,0.6395986177920613,0.48084044133328585,SALAMI_936
467,0.6451925901804196,0.550298366775161,0.7796337249029647,SALAMI_939
468,0.372711898152319,0.39702730519591334,0.3512029429709303,SALAMI_942
469,0.21092835939392063,0.41660841750413674,0.14121188718317684,SALAMI_946
470,0.346502952491857,0.284544947765137,0.44295349570547027,SALAMI_95
471,0.2895626379471988,0.2704205931280324,0.31162111062958714,SALAMI_951
472,0.25699407250250716,0.5095998102832036,0.17182258896415964,SALAMI_954
473,0.3657008611299697,0.4079379947981031,0.33138942280879086,SALAMI_955
474,0.340331438381904,0.6128800197257196,0.23557217195924224,SALAMI_956
475,0.5798683102496391,0.6768068311925126,0.5072196330303056,SALAMI_959
476,0.051824910890017624,0.4144258421347147,0.02764072368541783,SALAMI_960
477,0.29416806554073444,0.2961782337069052,0.29218499954239385,SALAMI_967
478,0.2876397268258009,0.3600136806677982,0.23949398293556115,SALAMI_970
479,0.4522056292540702,0.4888254392888803,0.4206901016871733,SALAMI_972
480,0.16818722667973998,0.2707827525634986,0.12197335200042787,SALAMI_974
481,0.2582270522689547,0.25022648153614213,0.2667561307228319,SALAMI_978
482,0.6172851586843762,0.6583887031380412,0.5810122649562087,SALAMI_979
483,0.11221847883226306,0.23934693143768274,0.07329045750027162,SALAMI_980
484,0.09976555461680688,0.23640977887650888,0.06322289134594794,SALAMI_983
485,0.2922424812028071,0.3433398808201637,0.25438391258418225,SALAMI_988
486,0.2588128979546341,0.2729560122771924,0.2460632234875708,SALAMI_99
487,0.23791660377051543,0.17529539776115474,0.3701440857353343,SALAMI_990
488,0.13780278752878933,0.07830780172091181,0.573600114532397,SALAMI_994
489,0.1951975327811201,0.34925559277217255,0.1354499915606439,SALAMI_998
